{"_step":0,"train/global_step":18,"train_loss":8.908747355143229,"train_samples_per_second":83.256,"_wandb":{"runtime":7},"_runtime":6.5700761,"total_flos":4.1034442604544e+13,"train_runtime":7.3509,"train_steps_per_second":2.449,"train/epoch":2.6153846153846154,"_timestamp":1.742922119298562e+09}