{"train_loss":0.20291495652607766,"_runtime":7929.208825,"train_samples_per_second":107.036,"eval/loss":0.2615380883216858,"train_runtime":7930.0064,"_step":318,"total_flos":1.085192275894272e+16,"eval/steps_per_second":82.616,"train/loss":0.0609,"eval/samples_per_second":660.927,"train/epoch":5,"_timestamp":1.7431220064424489e+09,"train/grad_norm":1.2129710912704468,"eval/runtime":28.5659,"train_steps_per_second":3.345,"train/global_step":26525,"train/learning_rate":2.5929456625357483e-08,"_wandb":{"runtime":7930}}