{"eval/samples_per_second":5.375,"train/epoch":9.173913043478262,"eval/steps_per_second":2.815,"eval/loss":2.2109532356262207,"train_runtime":951.2556,"train/learning_rate":5.0345761681491746e-08,"train_loss":1.9000372193076394,"train_samples_per_second":1.924,"train/grad_norm":2.5622951984405518,"total_flos":7.281222631292928e+15,"train_steps_per_second":0.116,"train/loss":1.3181,"_runtime":954.3417743,"_step":22,"_wandb":{"runtime":956},"eval/runtime":3.9073,"_timestamp":1.7429280951805515e+09,"train/global_step":110}