{"train_steps_per_second":0.146,"_wandb":{"runtime":369},"train/global_step":54,"_timestamp":1.742865215983762e+09,"_step":5,"train/loss":4.364,"train/learning_rate":9e-05,"total_flos":7.33025676754944e+14,"train_loss":5.086281705785681,"train/epoch":2.8533333333333335,"train_samples_per_second":2.431,"train_runtime":370.175,"train/grad_norm":9.014408111572266,"_runtime":368.6730049}