{"train_loss":2.510961982938978,"train/global_step":36,"_wandb":{"runtime":191},"train/epoch":2.784313725490196,"total_flos":2.463212897304576e+15,"train_runtime":190.2868,"train/grad_norm":1.5383555889129639,"train_steps_per_second":0.189,"train/loss":2.1544,"train_samples_per_second":3.216,"_step":3,"_runtime":189.170713,"train/learning_rate":2.0198277271976052e-05,"_timestamp":1.7429240224117749e+09}