{"_wandb":{"runtime":272},"train/global_step":10,"train/learning_rate":0.00016363636363636366,"_step":0,"train/loss":3.7211,"train/grad_norm":2.7317535877227783,"train/epoch":0.8695652173913043,"_timestamp":1.7429266286873193e+09,"_runtime":85.6188682}