{"train/learning_rate":2.905818257394799e-06,"_step":5,"train/grad_norm":1.1728445291519165,"train_samples_per_second":0.21,"total_flos":1.975311297360691e+16,"train_loss":2.861533765439634,"_wandb":{"runtime":4390},"train_runtime":4286.3727,"train/global_step":54,"train/epoch":2.8533333333333335,"_runtime":4389.0372301,"_timestamp":1.7428534080572631e+09,"train/loss":2.6229,"train_steps_per_second":0.013}