{"train/grad_norm":1.1905354261398315,"train/loss":2.8047,"train_steps_per_second":0.012,"train/global_step":54,"train/learning_rate":2.905818257394799e-06,"_runtime":4439.3653964,"train_runtime":4349.4715,"train/epoch":2.8533333333333335,"_step":5,"_wandb":{"runtime":4440},"total_flos":1.975311297360691e+16,"train_loss":3.024320160901105,"train_samples_per_second":0.207,"_timestamp":1.7428426926787095e+09}